2016/9/11 13:20,544
2016/9/11 13:30,535
2016/9/11 13:40,476
2016/9/11 13:50,457
2016/9/11 2:10,3
2016/9/11 2:00,9
2016/9/11 2:30,85
2016/9/11 2:20,3
2016/9/11 2:50,64
2016/9/11 2:40,59
2016/9/12 0:50,657
2016/9/12 0:40,652
2016/9/12 0:30,695
2016/9/12 0:20,619
2016/9/12 0:10,591
2016/9/12 0:00,567
2016/9/11 14:10,574
2016/9/11 14:20,577
2016/9/11 14:30,599
2016/9/11 14:40,573
2016/9/11 14:50,593
2016/9/11 3:00,15
2016/9/12 1:00,11
2016/9/11 13:00,469
2016/9/11 13:10,500
2016/9/11 22:10,155
2016/9/14 9:30,768
2016/9/11 22:00,161
2016/9/14 9:20,731
2016/9/11 22:30,78
2016/9/14 9:10,735
2016/9/14 14:50,2
2016/9/11 22:20,168
2016/9/14 9:00,744
2016/9/14 14:40,657
2016/9/11 4:50,121
2016/9/11 11:40,667
2016/9/11 4:40,20
2016/9/11 11:50,654
2016/9/14 9:50,644
2016/9/14 9:40,724
2016/9/11 4:30,13
2016/9/11 10:00,679
2016/9/11 10:10,637
2016/9/11 10:20,605
2016/9/11 10:30,646
2016/9/11 10:40,641
2016/9/11 22:50,56
2016/9/13 0:30,510
2016/9/14 14:30,551
2016/9/10 19:50,471
2016/9/11 22:40,93
2016/9/13 0:20,536
2016/9/14 14:20,556
2016/9/10 19:40,439
2016/9/13 0:50,616
2016/9/14 14:10,584
2016/9/10 19:30,452
2016/9/13 0:40,564
2016/9/14 14:00,578
2016/9/13 0:10,664
2016/9/13 0:00,560
2016/9/10 19:20,512
2016/9/10 19:10,524
2016/9/10 19:00,538
2016/9/14 8:00,682
2016/9/11 23:00,68
2016/9/14 8:40,611
2016/9/14 8:30,580
2016/9/11 23:20,23
2016/9/14 8:20,665
2016/9/11 23:10,104
2016/9/14 8:10,679
2016/9/11 5:40,981
2016/9/11 5:30,925
2016/9/11 5:50,952
2016/9/14 8:50,563
2016/9/11 5:00,531
2016/9/11 5:20,773
2016/9/11 5:10,684
2016/9/11 11:00,697
2016/9/11 11:10,659
2016/9/11 11:20,697
2016/9/11 11:30,698
2016/9/11 23:40,8
2016/9/11 23:30,24
2016/9/10 18:50,552
2016/9/11 23:50,12
2016/9/11 20:10,500
2016/9/11 20:00,525
2016/9/11 20:30,424
2016/9/11 20:20,448
2016/9/11 20:50,337
2016/9/11 20:40,440
2016/9/13 20:20,551
2016/9/13 20:30,506
2016/9/13 20:00,570
2016/9/13 20:10,571
2016/9/13 20:40,419
2016/9/13 20:50,370
2016/9/11 21:00,417
2016/9/11 21:20,309
2016/9/11 21:10,431
2016/9/11 21:40,375
2016/9/11 21:30,329
2016/9/11 10:50,643
2016/9/12 19:20,644
2016/9/12 19:10,593
2016/9/10 23:00,103
2016/9/12 19:40,474
2016/9/10 23:10,102
2016/9/12 19:30,606
2016/9/12 19:00,522
2016/9/12 19:50,415
2016/9/11 21:50,208
2016/9/13 10:10,597
2016/9/13 10:20,543
2016/9/13 10:00,660
2016/9/13 10:50,516
2016/9/13 10:30,567
2016/9/13 10:40,507
2016/9/11 0:10,655
2016/9/11 0:00,664
2016/9/11 0:30,695
2016/9/11 0:20,656
2016/9/11 0:50,565
2016/9/11 0:40,665
2016/9/12 18:30,516
2016/9/13 22:00,163
2016/9/12 18:20,586
2016/9/13 22:10,146
2016/9/12 18:50,448
2016/9/12 18:40,398
2016/9/13 22:40,53
2016/9/13 22:50,42
2016/9/12 18:10,569
2016/9/13 22:20,146
2016/9/12 18:00,641
2016/9/13 22:30,42
2016/9/11 1:00,64
2016/9/11 1:20,25
2016/9/11 1:10,50
2016/9/11 1:40,38
2016/9/11 1:30,81
2016/9/11 1:50,15
2016/9/12 17:40,592
2016/9/13 21:10,237
2016/9/12 17:30,587
2016/9/13 21:20,291
2016/9/12 17:50,626
2016/9/13 21:00,380
2016/9/12 17:00,542
2016/9/13 21:50,139
2016/9/12 17:20,574
2016/9/13 21:30,215
2016/9/12 17:10,599
2016/9/13 21:40,162
2016/9/10 21:40,258
2016/9/10 21:50,154
2016/9/10 20:10,553
2016/9/12 16:50,499
2016/9/10 20:20,569
2016/9/12 16:40,508
2016/9/10 20:30,512
2016/9/10 20:40,478
2016/9/12 16:10,562
2016/9/12 16:00,547
2016/9/12 16:30,582
2016/9/10 20:00,528
2016/9/12 16:20,634
2016/9/12 8:50,679
2016/9/12 8:40,633
2016/9/12 8:30,580
2016/9/12 8:20,586
2016/9/12 8:10,624
2016/9/12 8:00,653
2016/9/13 6:50,1012
2016/9/13 6:40,903
2016/9/13 13:40,648
2016/9/13 13:50,494
2016/9/13 6:10,830
2016/9/13 6:00,1037
2016/9/13 6:30,905
2016/9/13 6:20,880
2016/9/13 11:00,527
2016/9/13 11:10,563
2016/9/13 11:40,664
2016/9/13 11:50,589
2016/9/13 11:20,640
2016/9/13 11:30,742
2016/9/12 15:00,602
2016/9/10 20:50,428
2016/9/12 15:50,539
2016/9/13 23:00,29
2016/9/12 15:20,660
2016/9/13 23:30,1
2016/9/12 15:10,652
2016/9/13 23:40,3
2016/9/12 15:40,586
2016/9/13 23:10,6
2016/9/12 15:30,650
2016/9/13 23:20,2
2016/9/12 9:50,641
2016/9/12 9:40,669
2016/9/12 9:30,708
2016/9/12 9:20,704
2016/9/12 9:10,790
2016/9/12 9:00,730
2016/9/13 7:40,572
2016/9/13 7:30,691
2016/9/13 7:50,654
2016/9/13 7:00,962
2016/9/13 7:20,774
2016/9/13 7:10,936
2016/9/13 14:10,539
2016/9/13 14:20,600
2016/9/13 14:00,545
2016/9/11 19:00,599
2016/9/11 19:10,532
2016/9/11 19:20,533
2016/9/11 19:30,537
2016/9/11 19:40,479
2016/9/11 19:50,502
2016/9/12 14:10,614
2016/9/12 14:00,552
2016/9/10 23:20,30
2016/9/10 23:30,99
2016/9/10 23:40,30
2016/9/10 23:50,11
2016/9/10 22:00,231
2016/9/10 22:10,230
2016/9/10 22:20,189
2016/9/12 14:30,624
2016/9/12 14:20,618
2016/9/12 14:50,642
2016/9/12 14:40,600
2016/9/13 8:30,563
2016/9/13 15:40,618
2016/9/13 8:20,571
2016/9/13 15:50,543
2016/9/13 8:50,675
2016/9/13 15:20,640
2016/9/13 8:40,630
2016/9/13 15:30,605
2016/9/13 8:10,650
2016/9/13 8:00,710
2016/9/14 0:00,625
2016/9/13 13:20,508
2016/9/14 0:40,670
2016/9/13 13:30,702
2016/9/14 0:30,676
2016/9/13 13:00,588
2016/9/14 0:20,705
2016/9/13 13:10,567
2016/9/14 0:10,651
2016/9/14 0:50,587
2016/9/12 13:00,544
2016/9/12 13:20,471
2016/9/12 13:10,469
2016/9/10 22:30,107
2016/9/10 22:40,89
2016/9/10 22:50,171
2016/9/10 21:00,348
2016/9/10 21:10,349
2016/9/10 21:20,361
2016/9/10 21:30,356
2016/9/12 13:40,494
2016/9/12 13:30,560
2016/9/13 9:50,580
2016/9/12 13:50,485
2016/9/13 9:20,570
2016/9/13 14:50,599
2016/9/13 9:10,619
2016/9/13 9:40,629
2016/9/13 14:30,626
2016/9/13 9:30,612
2016/9/13 14:40,621
2016/9/13 9:00,628
2016/9/13 16:00,585
2016/9/14 7:10,982
2016/9/14 7:00,936
2016/9/14 7:50,616
2016/9/14 7:40,675
2016/9/14 7:30,735
2016/9/14 7:20,863
2016/9/11 6:30,931
2016/9/11 6:20,992
2016/9/11 6:50,932
2016/9/11 17:00,556
2016/9/11 6:40,949
2016/9/11 17:10,623
2016/9/11 17:20,631
2016/9/11 17:30,653
2016/9/11 17:40,607
2016/9/11 17:50,610
2016/9/11 6:10,942
2016/9/11 6:00,969
2016/9/12 4:50,355
2016/9/12 4:40,35
2016/9/12 4:30,22
2016/9/12 23:20,7
2016/9/13 17:20,557
2016/9/12 23:30,2
2016/9/13 17:30,542
2016/9/12 23:00,29
2016/9/13 17:00,523
2016/9/12 23:10,9
2016/9/13 17:10,510
2016/9/13 17:40,552
2016/9/13 17:50,587
2016/9/13 15:00,626
2016/9/13 15:10,646
2016/9/12 23:40,1
2016/9/14 6:20,1079
2016/9/14 6:10,1136
2016/9/14 6:00,1149
2016/9/14 6:50,990
2016/9/14 6:40,944
2016/9/14 6:30,1010
2016/9/14 13:50,579
2016/9/11 7:20,893
2016/9/11 7:10,939
2016/9/11 7:40,735
2016/9/11 7:30,834
2016/9/11 18:00,608
2016/9/11 18:10,612
2016/9/11 7:50,679
2016/9/11 18:20,560
2016/9/11 18:30,567
2016/9/11 18:40,629
2016/9/11 18:50,591
2016/9/12 11:20,676
2016/9/12 11:10,626
2016/9/12 11:40,545
2016/9/12 11:30,575
2016/9/11 7:00,929
2016/9/12 11:00,686
2016/9/12 5:10,504
2016/9/12 5:00,430
2016/9/12 11:50,534
2016/9/12 5:50,1001
2016/9/12 5:40,888
2016/9/12 5:30,835
2016/9/12 5:20,698
2016/9/14 13:40,589
2016/9/14 13:30,655
2016/9/14 13:20,475
2016/9/14 13:10,470
2016/9/14 13:00,587
2016/9/12 22:20,102
2016/9/13 16:30,613
2016/9/12 22:10,120
2016/9/13 16:40,634
2016/9/12 22:40,36
2016/9/13 16:10,626
2016/9/12 22:30,90
2016/9/13 16:20,618
2016/9/12 22:00,131
2016/9/13 16:50,551
2016/9/12 22:50,38
2016/9/14 5:30,855
2016/9/14 5:20,651
2016/9/14 5:10,332
2016/9/14 5:00,320
2016/9/14 5:50,1044
2016/9/14 5:40,982
2016/9/11 8:10,767
2016/9/11 15:00,585
2016/9/11 8:00,737
2016/9/11 15:10,635
2016/9/11 8:30,585
2016/9/11 15:20,649
2016/9/11 8:20,650
2016/9/11 15:30,639
2016/9/11 8:50,619
2016/9/11 15:40,654
2016/9/11 8:40,563
2016/9/11 15:50,702
2016/9/12 10:30,625
2016/9/12 10:20,589
2016/9/12 10:50,649
2016/9/12 10:40,626
2016/9/12 10:10,631
2016/9/12 10:00,656
2016/9/12 6:00,1071
2016/9/12 6:50,948
2016/9/12 6:40,1068
2016/9/12 6:30,1056
2016/9/12 6:20,1072
2016/9/11 14:00,475
2016/9/12 6:10,1033
2016/9/14 10:50,651
2016/9/14 10:40,710
2016/9/14 10:30,670
2016/9/14 10:20,659
2016/9/14 10:10,619
2016/9/14 10:00,620
2016/9/12 21:30,277
2016/9/13 19:00,519
2016/9/12 21:20,286
2016/9/13 19:10,553
2016/9/12 21:50,133
2016/9/12 21:40,243
2016/9/13 4:30,24
2016/9/13 19:40,494
2016/9/13 19:50,562
2016/9/13 4:50,288
2016/9/12 21:10,212
2016/9/13 19:20,594
2016/9/12 21:00,349
2016/9/13 4:40,35
2016/9/13 19:30,476
2016/9/14 4:40,25
2016/9/14 4:30,25
2016/9/14 4:20,3
2016/9/14 4:50,182
2016/9/11 9:00,649
2016/9/11 16:00,738
2016/9/11 9:20,657
2016/9/11 16:10,722
2016/9/11 9:10,658
2016/9/11 16:20,662
2016/9/11 9:40,646
2016/9/11 16:30,576
2016/9/11 9:30,668
2016/9/11 16:40,528
2016/9/11 16:50,504
2016/9/11 9:50,665
2016/9/12 7:50,524
2016/9/12 7:40,543
2016/9/12 7:30,756
2016/9/12 7:20,862
2016/9/12 7:10,924
2016/9/12 7:00,996
2016/9/14 11:50,650
2016/9/13 5:00,506
2016/9/14 11:40,619
2016/9/14 11:30,691
2016/9/14 11:20,763
2016/9/14 11:10,735
2016/9/14 11:00,658
2016/9/12 20:40,411
2016/9/13 18:10,655
2016/9/13 5:50,987
2016/9/12 20:30,463
2016/9/13 18:20,705
2016/9/12 20:50,369
2016/9/13 18:00,582
2016/9/12 20:00,493
2016/9/13 5:20,752
2016/9/13 18:50,524
2016/9/13 5:10,492
2016/9/12 20:20,517
2016/9/13 5:40,924
2016/9/13 18:30,780
2016/9/12 20:10,509
2016/9/13 5:30,798
2016/9/13 18:40,680
